{
  "handbook_version": 14,
  "n_samples_recommended": 3,
  "linear": {
    "a": -0.26608315098468244,
    "b": 96.87789934354485
  },
  "fit_n": 22,
  "raw_metrics": {
    "n": 22,
    "spearman": -0.21788425518394622,
    "mae": 4.045454545454546,
    "in_range": 9,
    "in_range_rate": 0.4090909090909091
  },
  "calibrated_metrics": {
    "n": 22,
    "spearman": 0.2493013177763601,
    "mae": 2.3454545454545452,
    "in_range": 8,
    "in_range_rate": 0.36363636363636365
  },
  "loo_mae": 2.5640488140538946,
  "fit_at": "2026-05-09T15:59:26.205804"
}